,word,frequency
0,sad,51
1,to,29
2,and,29
3,i,28
4,the,26
5,a,24
6,rt,23
7,is,21
8,this,18
9,so,18
10,my,18
11,that,15
12,of,14
13,me,12
14,but,11
15,in,11
16,really,11
17,it,10
18,https://t,9
19,for,9
20,he,8
21,just,8
22,get,6
23,very,6
24,his,6
25,be,6
26,how,6
27,its,5
28,it's,5
29,as,5
30,now,5
31,not,5
32,makes,5
33,jimin,4
34,all,4
35,back,4
36,more,4
37,am,4
38,out,4
39,d,4
40,have,4
41,nip,4
42,will,4
43,they,4
44,what,4
45,too,4
46,why,4
47,make,4
48,im,4
49,i'm,3
50,yet,3
51,you,3
52,school,3
53,no,3
54,tattoo,3
55,other,3
56,borderlands,3
57,are,3
58,being,3
59,your,3
60,because,3
61,heart,3
62,real,3
63,over,3
64,from,3
65,some,3
66,we,3
67,was,3
68,into,3
69,mean,3
70,life,2
71,elementary,2
72,since,2
73,another,2
74,with,2
75,happened,2
76,ain't,2
77,u,2
78,nipsey's,2
79,lot,2
80,one,2
81,zen,2
82,story,2
83,there,2
84,easy,2
85,an,2
86,hope,2
87,holder,2
88,wow,2
89,3,2
90,know,2
91,been,2
92,about,2
93,play,2
94,read,2
95,even,2
96,used,2
97,could,2
98,when,2
99,abt,2
100,high,2
101,actually,2
102,ever,2
103,someone,2
104,person,2
105,hear,2
106,after,2
107,finished,2
108,bitch,2
109,see,2
110,had,2
111,feeling,2
112,clarifies,2
113,follow,2
114,waiting,2
115,friend,2
116,go,2
117,sorry,2
118,also,2
119,wont,2
120,@nipseyfanpage:,2
121,hard,2
122,eric,2
123,i'll,2
124,partner,2
125,money,2
126,camp,2
127,rei,2
128,boot,2
129,between,2
130,can,2
131,friend/business,2
132,like,2
133,having,2
134,day,2
135,seokjin:,2
136,him,2
137,final,2
138,man,2
139,probably,1
140,their,1
141,condition,1
142,esp,1
143,send,1
144,@bmorsh,1
145,max,1
146,much,1
147,describe,1
148,r,1
149,spent,1
150,support,1
151,game,1
152,bored,1
153,jesse,1
154,sounds,1
155,thing,1
156,part,1
157,co/3rgvjaftqi,1
158,matter,1
159,jets,1
160,jealousy,1
161,mfal,1
162,likely,1
163,fault,1
164,co/igzlzpzq4i,1
165,sees,1
166,unfollow,1
167,attempt,1
168,these,1
169,hate,1
170,here,1
171,hold,1
172,young,1
173,waited,1
174,lost,1
175,@koethekoethe,1
176,co/1i4k8zocte,1
177,alma,1
178,@bbcdebatenight,1
179,spoiler,1
180,wagon,1
181,havent,1
182,wit,1
183,shipping,1
184,son,1
185,condole,1
186,take,1
187,fic,1
188,dli,1
189,seeks,1
190,@incorrectpjm:,1
191,up,1
192,song,1
193,ignan,1
194,without,1
195,@mattectomy,1
196,narendra,1
197,different,1
198,missing,1
199,wreath,1
200,theyll,1
201,present,1
202,@onemalinh,1
203,piecing,1
204,obsessed,1
205,break,1
206,werewolf,1
207,huge,1
208,learn,1
209,pals,1
210,pretending,1
211,tired,1
212,@trashboyla:,1
213,i've,1
214,believe,1
215,@kamilleziak,1
216,@amirulsyah_mi:,1
217,heard,1
218,against,1
219,chance,1
220,kid,1
221,home,1
222,wish,1
223,israel,1
224,dont,1
225,amazon,1
226,priorities,1
227,pressure,1
228,acted,1
229,:(,1
230,sonicsgate,1
231,still,1
232,do,1
233,minded,1
234,lyrics,1
235,hello,1
236,closed,1
237,team,1
238,sis,1
239,remember,1
240,remastered,1
241,every,1
242,@deirbhilesdaddy,1
243,shawns,1
244,cry,1
245,yes,1
246,ultimate,1
247,democrat,1
248,million,1
249,comeuppance,1
250,next,1
251,co/tfhrugvurk,1
252,depressed,1
253,demonstration,1
254,ug,1
255,article,1
256,getting,1
257,@oversizedthighs:,1
258,@jeremycorbyn:,1
259,nigga,1
260,@belfastagmt,1
261,broke,1
262,pride,1
263,iii,1
264,@mhadz0416:,1
265,despite,1
266,weak,1
267,graduates,1
268,or,1
269,antman,1
270,comes,1
271,okay,1
272,received,1
273,pink,1
274,pieces,1
275,her,1
276,infuriated,1
277,seen,1
278,problem,1
279,query,1
280,who,1
281,forcing,1
282,think,1
283,sitting,1
284,care,1
285,nirvana,1
286,father,1
287,london,1
288,working,1
289,let's,1
290,ko,1
291,fail,1
292,mater,1
293,rover,1
294,@jacobmargolis:,1
295,angay,1
296,anyaways,1
297,sketch,1
298,energy,1
299,ur,1
300,little,1
301,essy,1
302,something,1
303,individual,1
304,(my,1
305,@bts_twt,1
306,@peterlucier,1
307,way,1
308,co/ymnzkymozs,1
309,@jeonsatellite:,1
310,pagkatao,1
311,one),1
312,crestwood,1
313,practice,1
314,pq,1
315,turns,1
316,conflict,1
317,success,1
318,especially,1
319,extra,1
320,fat,1
321,chooses,1
322,men,1
323,today,1
324,hoseok:,1
325,tune,1
326,kurt,1
327,sadder,1
328,theyre,1
329,busy,1
330,@soochoifolder:,1
331,may,1
332,death,1
333,@dianazamoraxox:,1
334,tormentor,1
335,corrie,1
336,taeyong,1
337,nearly,1
338,fave,1
339,court,1
340,then,1
341,c,1
342,personal,1
343,want,1
344,fulfil,1
345,movement,1
346,amazonexculsive,1
347,awww,1
348,@chrisobore1:,1
349,luis,1
350,favorites,1
351,them@back,1
352,heres,1
353,made,1
354,picture,1
355,shape,1
356,loved,1
357,off,1
358,people's,1
359,atm,1
360,together,1
361,2,1
362,show,1
363,gone,1
364,talk,1
365,months,1
366,co/axifge3pms,1
367,terminal,1
368,@nipseyhussle,1
369,sometime,1
370,many,1
371,@smile4mety:,1
372,tonight,1
373,impactful,1
374,situation,1
375,time,1
376,alone,1
377,liv,1
378,episode,1
379,say,1
380,@baylor,1
381,opportunity,1
382,characters,1
383,computer,1
384,looks,1
385,yesterday,1
386,middle/beginning,1
387,relieved,1
388,days,1
389,come,1
390,themes,1
391,au,1
392,big,1
393,need,1
394,further,1
395,state,1
396,@thefarqueen:,1
397,video,1
398,@gopleader:,1
399,@aarondorksen,1
400,co/g8af2v1paf,1
401,followers,1
402,@hiplikejibooty:,1
403,@pinkkkkkk__:,1
404,on,1
405,yours,1
406,ermias,1
407,done,1
408,hoodie,1
409,carries,1
410,na,1
411,if,1
412,both,1
413,@deafshowrunner,1
414,qb,1
415,@amazon,1
416,@drewfromjersey:,1
417,fate,1
418,touch,1
419,fight,1
420,people,1
421,5,1
422,feel,1
423,incredibly,1
424,co/8sk5llan7r,1
425,guess,1
426,stages,1
427,behind,1
428,great,1
429,@antman,1
430,@pocdeaftalent,1
431,afraid,1
432,theoa,1
433,bds,1
434,planning,1
435,pleasant,1
436,@moshwithtyler:,1
437,rebor,1
438,coach,1
439,sides,1
440,brain,1
441,rewatched,1
442,@nasajpl,1
443,co/aeyd8yqrj0,1
444,ok,1
445,space,1
446,soon,1
447,news,1
448,friday,1
449,sht,1
450,sa,1
451,territory,1
452,ignore,1
453,finest,1
454,cobain,1
455,draggin,1
456,watching,1
457,para,1
458,remembered,1
459,@picklerudd:,1
460,beef,1
461,dnp,1
462,funko,1
463,hwaedong,1
464,recognize,1
465,isnt,1
466,voted,1
467,than,1
468,expectation,1
469,mind,1
470,mars,1
471,@mavcarter,1
472,@morninafterkill:,1
473,1,1
474,single,1
475,countriesplz,1
476,l,1
477,ended,1
478,mistake,1
479,n,1
480,don't,1
481,decision,1
482,igf,1
483,ive,1
484,long,1
485,felt,1
486,6,1
487,virility,1
488,taehyung,1
489,definitely,1
490,@texasinafrica,1
491,makanji,1
492,childhood,1
493,overwhelming,1
494,favorite,1
495,wtf,1
496,highnote,1
497,loud,1
498,playing,1
499,@originalfunko,1
500,unfairness,1
501,name,1
502,improve,1
503,coddled,1
504,rip,1
505,youre,1
506,@rjmxrell:,1
507,produce,1
508,tone,1
509,by,1
510,joyful,1
511,acting,1
512,leave,1
513,years,1
514,unhappy,42
515,-,8
516,at,7
517,happy,5
518,well,5
519,has,5
520,going,4
521,counsel's,3
522,hes,3
523,obstructed,3
524,inve,3
525,split,3
526,were,3
527,cbs,3
528,things,3
529,peace,3
530,stop,3
531,confirmed,3
532,special,3
533,everything,3
534,@cbseveningnews:,3
535,president,3
536,whether,3
537,showing,3
538,justice,3
539,right,2
540,current,2
541,kan,2
542,@esyudkowsky,2
543,find,2
544,they're,2
545,trump,2
546,fortnite,2
547,siliguri,2
548,res,2
549,left,2
550,you're,2
551,inner,2
552,ppl,2
553,only,2
554,particularly,2
555,solution,2
556,groups,2
557,boat,2
558,does,2
559,medias,2
560,protagonist,2
561,already,2
562,agree,2
563,nothing,2
564,drive,2
565,abusive,2
566,across,2
567,look,2
568,visa,2
569,always,2
570,desperately,2
571,give,2
572,us,2
573,she,2
574,sight,2
575,short,2
576,before,2
577,depression,2
578,ill,2
579,yourself,2
580,changes,1
581,ex-captain,1
582,funny,1
583,probing,1
584,co/kdoihzoz24,1
585,),1
586,clearly,1
587,anyone,1
588,website,1
589,point,1
590,chips,1
591,rx,1
592,@neroscinema:,1
593,chose,1
594,american,1
595,use,1
596,twice,1
597,fuck,1
598,he's,1
599,let,1
600,got,1
601,mostly,1
602,@trillgabi,1
603,acceptable,1
604,@akmaciver,1
605,review,1
606,wisewords,1
607,parent,1
608,pick,1
609,affect,1
610,strikes,1
611,unhap,1
612,media,1
613,@nitishrana_27,1
614,would,1
615,mother,1
616,off-brand,1
617,needs,1
618,perhaps,1
619,willoughby,1
620,pharmacy,1
621,curse,1
622,@kayhanmomand:,1
623,hungry,1
624,scab,1
625,=because,1
626,saw,1
627,@urvashirautela:,1
628,first,1
629,@shaunking,1
630,base,1
631,problems,1
632,@crampell:,1
633,carried,1
634,herself,1
635,did,1
636,@masgharafghan,1
637,effective,1
638,intellectual,1
639,peop,1
640,signaling/hedonism,1
641,country,1
642,bombing,1
643,reached,1
644,appalled,1
645,petite,1
646,social,1
647,score,1
648,regardless,1
649,around,1
650,excuses,1
651,alisson,1
652,breaking,1
653,driver,1
654,grudges,1
655,giving,1
656,pay,1
657,trying,1
658,denies,1
659,ch,1
660,most,1
661,town,1
662,screen,1
663,almost,1
664,biased,1
665,expressing,1
666,2:4,1
667,20:46,1
668,munster,1
669,unless,1
670,difficult,1
671,struggle,1
672,leaving,1
673,sometimes,1
674,labor,1
675,war,1
676,them,1
677,tell,1
678,month,1
679,trolls,1
680,2014,1
681,boys,1
682,won,1
683,pm,1
684,border,1
685,39:53,1
686,uk,1
687,down,1
688,stressed,1
689,15,1
690,motivation,1
691,@skynews,1
692,},1
693,@shadbase,1
694,aspects,1
695,absence,1
696,classics,1
697,expected,1
698,each,1
699,bc,1
700,troubled,1
701,{opens,1
702,ohhhhh,1
703,shouldn't,1
704,sure,1
705,issues,1
706,-and,1
707,climate,1
708,psychiatrie,1
709,companies,1
710,judging,1
711,reportedly,1
712,tho,1
713,@brendan_92,1
714,kill,1
715,place,1
716,solve,1
717,shouted,1
718,governors,1
719,reading,1
720,older,1
721,fixing,1
722,cancer,1
723,week,1
724,verse,1
725,professionals,1
726,mom,1
727,external,1
728,modi's,1
729,corporate,1
730,disappointed,1
731,gandalf,1
732,@hosumkj:,1
733,location,1
734,rally,1
735,forget,1
736,sweep,1
737,asked,1
738,feet,1
739,forwards,1
740,pakistan,1
741,@lauramjthomson,1
742,starts,1
743,often,1
744,family,1
745,sommer,1
746,moved,1
747,forever,1
748,holding,1
749,@kkriders,1
750,artists,1
751,cute,1
752,co/m2sy5dy93b,1
753,sussex,1
754,@imquotes_videos:,1
755,key:,1
756,sick,1
757,psychology,1
758,anxious,1
759,crimes,1
760,anti-depressants,1
761,currently,1
762,merely,1
763,new,1
764,rural,1
765,x,1
766,@1loganhenderson:,1
767,respawning,1
768,4,1
769,gammons,1
770,1-1,1
771,message,1
772,celebrated,1
773,starting,1
774,head,1
775,@enjy_esmail18:,1
776,eco-terrorists,1
777,competent,1
778,anonymous,1
779,@_kateelaa:,1
780,co/60i9fyrelr,1
781,@selimseesyou:,1
782,sheets,1
783,moment,1
784,smiling,1
785,creating,1
786,worried,1
787,books,1
788,somewhat,1
789,yeah,1
790,cliques,1
791,immature,1
792,ground,1
793,folks,1
794,co/l4l6jz0zcu,1
795,3:31,1
796,change,1
797,co/axsap8dwuv,1
798,bringing,1
799,joined,1
800,deep,1
801,@barryheaven,1
802,wth,1
803,shed,1
804,cause,1
805,wrongs,1
806,families,1
807,facebook,1
808,3:159,1
809,imported,1
810,203-590-3737,1
811,determined,1
812,@dienamiteredder,1
813,bilbo's,1
814,lose,1
815,afghanistan,1
816,angry,1
817,discriminated,1
818,manager,1
819,scot,1
820,those,1
821,idea,1
822,sacking,1
823,cancel,1
824,minute,1
825,racism,1
826,voter,1
827,learning,1
828,hyung,1
829,own,1
830,however,1
831,sout,1
832,struggling,1
833,shes,1
834,media/culture,1
835,uber,1
836,ward,1
837,@thehill,1
838,studio,1
839,anymore,1
840,@lukeoneil47,1
841,start,1
842,glad,1
843,@madddeline_____,1
844,played,1
845,flooded,1
846,respe,1
847,morning,1
848,front,1
849,lol,1
850,imagine,1
851,@iamsrk:,1
852,married,1
853,style,1
854,sinned,1
855,fewer,1
856,therapy,1
857,events,1
858,set,1
859,should,1
860,sense,1
861,conservatism,1
862,@sootradhar:,1
863,lonely,1
864,4:28,1
865,icc,1
866,door,1
867,managers,1
868,least,1
869,boy,1
870,true,1
871,supply,1
872,@bjp4india:,1
873,medical,1
874,@theprickledk,1
875,bilbo,1
876,personally,1
877,drove,1
878,telling,1
879,end,1
880,views,1
881,upset,1
882,africa,1
883,eased,1
884,bad,1
885,grow,1
886,chief,1
887,shit,1
888,cheat,1
889,weight,1
890,through,1
891,wary,1
892,=,1
893,fed,1
894,@hvbibvh:,1
895,republicans,1
896,beyond,1
897,1/2/tps,1
898,somebody,1
899,@kimstrassel:,1
900,genuinely,1
901,prosecutor,1
902,bengali,1
903,@robbieuthappa,1
904,noises,1
905,two,1
906,suite,1
907,grouo,1
908,chemotherapy,1
909,fan,1
910,feedback,1
911,last,1
912,shut,1
913,littlest,1
914,sympathized,1
915,tranquili,1
916,book,1
917,traffic,1
918,@pinkyblueskys,1
919,uncomfortable,1
920,attention,1
921,nihilism/fake,1
922,slarpg,1
923,wouldnt,1
924,feeling:,1
925,away,1
926,|,1
927,quran,1
928,reports,1
929,perfect,1
930,@__xhoseok,1
931,instinctual,1
932,mouth,1
933,eat,1
934,shocked,1
935,arent,1
936,@itsalwayswednes,1
937,arts,1
938,modernity,1
939,forgive,1
940,line,1
941,off-putting,1
942,case,1
943,lefty,1
944,females,1
945,cries,1
946,reverse,1
947,mueller's,1
948,@lynny50,1
949,live,1
950,captivate,1
951,types,1
952,instead,1
953,clean,1
954,field,1
955,@caliscrip:,1
956,furthermore,1
957,half,1
958,sleepy,1
959,whats,1
960,alleging,1
961,buy,1
962,lead,1
963,@samwootton02,1
964,alike,1
965,community,1
966,act,1
967,reasonable,1
968,trumbullct,1
969,meritocracy,1
970,elle,1
971,treated,1
972,-why,1
973,referendum,1
974,modern,1
975,nope,1
976,answer,1
977,competing,1
978,spending,1
979,air,1
980,adding,1
981,keeping,1
982,never,1
983,longer,1
984,helped,1
985,entire,1
986,birthday,14
987,jungkook,8
988,girls,6
989,phrase,4
990,omg,3
991,dissing,3
992,difference,3
993,truly,3
994,disgusting,3
995,@mmooregough_7:,3
996,',3
997,co/9vrd1dw,3
998,bo,3
999,cat,3
1000,@chavisthill:,3
1001,body,3
1002,pardon,3
1003,extremely,3
1004,eyes,3
1005,actor,3
1006,doing,3
1007,@zak_bagans,2
1008,tryouts,2
1009,few,2
1010,cherry,2
1011,surgery,2
1012,brother,2
1013,art,2
1014,ask,2
1015,hilarious,2
1016,sheer,1
1017,cities,1
1018,fantastical,1
1019,internationalcarrotday,1
1020,foodies,1
1021,spinal,1
1022,co/ysraxnpauh,1
1023,@aybaybader,1
1024,@hermosahanna,1
1025,@enjoynature:,1
1026,nature,1
1027,@vickibangle,1
1028,creations,1
1029,spouse,1
1030,better,1
1031,congress,1
1032,wooooo,1
1033,youmu,1
1034,co/err7zveqo7,1
1035,@sergeveilleux5,1
1036,@stradagangelica,1
1037,fuvb,1
1038,fall,1
1039,co/gos4aigwj0,1
1040,ene,1
1041,successful,1
1042,guineapigs,1
1043,@teamquetta:,1
1044,@kimmeye1:,1
1045,@doggintrump:,1
1046,strange,1
1047,campsbourne,1
1048,@laurenjauregui:,1
1049,paying,1
1050,gotta,1
1051,congratulations,1
1052,brie,1
1053,specific,1
1054,@majornelson,1
1055,kiss,1
1056,market,1
1057,co/aberq7n82c,1
1058,queen,1
1059,fun,1
1060,awol,1
1061,@nhlbruins,1
1062,bpm:180,1
1063,co/bd4ch9a5jm,1
1064,co/50ghxbet2o,1
1065,@dricciardo,1
1066,co/o30kh89oyz,1
1067,-yeeun,1
1068,co/ba7nt,1
1069,carrot,1
1070,freecodefriday,1
1071,memes,1
1072,ending,1
1073,gam,1
1074,@jetreset:,1
1075,banning,1
1076,@tdgarden,1
1077,cookie,1
1078,ha,1
1079,flowers,1
1080,mixtape,1
1081,joke,1
1082,early,1
1083,staffer,1
1084,rested,1
1085,soundcheck,1
1086,legendary,1
1087,hike,1
1088,@michaelbangles,1
1089,words,1
1090,hahah,1
1091,@juliancamarena:,1
1092,mix,1
1093,following,1
1094,hereby,1
1095,co/mtatdn60p2,1
1096,co/rqii68iomv,1
1097,national,1
1098,fueled,1
1099,ghost,1
1100,@therealjonny_5,1
1101,bed,1
1102,co/jq501xfjnn,1
1103,maintaining,1
1104,th,1
1105,@ethansvg,1
1106,@toeianimation:,1
1107,gorams,1
1108,changed,1
1109,yuyuko,1
1110,girl,1
1111,adorable,1
1112,hi,1
1113,@cardinals:,1
1114,suffer,1
1115,mood,1
1116,swimming,1
1117,job,1
1118,@ohmyguinea:,1
1119,wait,1
1120,chois,1
1121,annoyed,1
1122,freaking,1
1123,pets,1
1124,predictive,1
1125,requirements,1
1126,kee,1
1127,co/8cssohiewd,1
1128,version:gf1,1
1129,@christo40822057,1
1130,@oknox,1
1131,moon,1
1132,charlotte,1
1133,free,1
1134,@t1mbles:,1
1135,appreciate,1
1136,ikea,1
1137,prop,1
1138,ahead,1
1139,jelly,1
1140,beautiful,1
1141,prince,1
1142,@petty_lex:,1
1143,skylines,1
1144,manage,1
1145,mohammad,1
1146,@lavendertones,1
1147,vacations,1
1148,ht,1
1149,rel,1
1150,millions,1
1151,anything,1
1152,19,1
1153,fuji,1
1154,mount,1
1155,@manishp24604101,1
1156,smile,1
1157,2019,1
1158,rezon,1
1159,officially,1
1160,urban,1
1161,@srirachastay:,1
1162,inspired,1
1163,baby,1
1164,sunshine,1
1165,excuse,1
1166,@aoc,1
1167,co/klkihdgywb,1
1168,co/buftfzy8br,1
1169,@felinechairthi1,1
1170,busch,1
1171,ladies,1
1172,@kevinz_thd,1
1173,can't,1
1174,wholesome,1
1175,@nicholls_cheer:,1
1176,artist:,1
1177,@ninjaeee,1
1178,newcomers,1
1179,@bovb51:,1
1180,blossoms,1
1181,kristen,1
1182,ends,1
1183,swimsuit,1
1184,yall,1
1185,bl,1
1186,marriage,1
1187,@litebrite123,1
1188,greetings,1
1189,b,1
1190,sponsored,1
1191,japan,1
1192,quicker,1
1193,@yelarvel,1
1194,loves,1
1195,geauxcolonels,1
1196,plans,1
1197,@lidstonepeter,1
1198,@quinnqueens,1
1199,best,1
1200,wishing,1
1201,said,1
1202,gorgeous,1
1203,faceofpace,1
1204,grateful,1
1205,deserve,1
1206,summer,1
1207,stadium,1
1208,hydrated,1
1209,excited,1
1210,text,1
1211,stable,1
1212,@ginamorris508,1
1213,taxes,1
1214,@quinnqueens_2,1
1215,akira,1
1216,not-a-teen,1
1217,@whca,1
1218,zak,1
1219,@_hublette:,1
1220,@thd_young,1
1221,any,1
1222,bell,1
1223,fuckthem,1
1224,travel,1
1225,honey,1
1226,trees,1
1227,pass,1
1228,@samanthaasm2307,1
1229,couldnt,1
1230,@kreespykim,1
1231,guys,1
1232,stuck,1
1233,goes,1
1234,@hwaseongl:,1
1235,@msgladysknight:,1
1236,co/6im3o9zp02,1
1237,@stevebanglesfan,1
1238,@eemrichmond,1
1239,picked,1
1240,vocal,1
1241,@oliviaandocean,1
1242,@allypallyfm:,1
1243,bean,1
1244,hahahhaa,1
1245,@susannahoffs,1
1246,co/kwmgp4qfbw,1
1247,dumb,1
1248,crackdown,1
1249,furniture,1
1250,daughter,1
1251,fucking,1
1252,@mjawandz11,1
1253,vibe,1
1254,ian,1
1255,toriyama,1
1256,@thshaher,1
1257,miss,1
1258,@xboxgamepass,1
1259,@dr_ringer,1
1260,@ericjosephgree2,1
1261,flair,1
1262,@aliciagarciaga6,1
1263,intro,1
1264,bit,1
1265,sweldo,1
1266,lil,1
1267,experienced,1
1268,ghosts,1
1269,bliss,1
1270,cooky,1
1271,outdoor,1
1272,reminder,1
1273,felinechairthieffriyay,1
1274,collective,1
1275,literally,1
1276,moonboss,1
1277,todays,1
1278,hasnain,1
1279,@freewill121,1
1280,work,4
1281,thanks,4
1282,thank,3
1283,might,3
1284,until,3
1285,baseball,3
1286,our,3
1287,keep,3
1288,good,3
1289,class,3
1290,games,2
1291,@_violin_tim:,2
1292,:(((,2
1293,kim,2
1294,yunmin,2
1295,@brunomars,2
1296,view,2
1297,please,2
1298,everyone,2
1299,@violin_tim,2
1300,avoid,2
1301,check,2
1302,second,2
1303,saturday,2
1304,draw,2
1305,making,2
1306,dress,2
1307,link,2
1308,cool,2
1309,insta,2
1310,year,2
1311,h,2
1312,@iamcardib,2
1313,cant,2
1314,join,2
1315,delicious,2
1316,bullshit,1
1317,mv,1
1318,photography,1
1319,along,1
1320,awesome,1
1321,key,1
1322,@fayobserver,1
1323,detail,1
1324,smash,1
1325,citylnkd,1
1326,music,1
1327,@madam_president:,1
1328,hav,1
1329,lots,1
1330,mangoes,1
1331,west,1
1332,fayettevillenc,1
1333,came,1
1334,workers,1
1335,markers,1
1336,soooooo,1
1337,co/bkwshkscue,1
1338,pbl,1
1339,ah,1
1340,recording,1
1341,stressful,1
1342,co/sptlbylhvr,1
1343,mystery,1
1344,05,1
1345,7,1
1346,seems,1
1347,tt,1
1348,@arlir,1
1349,football,1
1350,freshfriday,1
1351,parton,1
1352,@pugnoodless:,1
1353,ye,1
1354,co/o3xxucvqi9,1
1355,serve,1
1356,life),1
1357,wore,1
1358,staff,1
1359,],1
1360,co/inskloxlpa,1
1361,co/hghwftze92,1
1362,co/xvmsap3fwz,1
1363,blobby,1
1364,animal,1
1365,co/hrvmzs5l7j,1
1366,co/ccwugdgtc2,1
1367,co/hlopbafaxj,1
1368,selection,1
1369,cover,1
1370,@writerscentreau:,1
1371,trekkies,1
1372,skye,1
1373,similar,1
1374,trailblazeon,1
1375,busking,1
1376,dream,1
1377,premium,1
1378,passing,1
1379,wear,1
1380,drives,1
1381,launch,1
1382,summary,1
1383,@gamblerthoughts,1
1384,organizing,1
1385,located,1
1386,duval,1
1387,@commsexpress:,1
1388,marathons,1
1389,floribbean,1
1390,participating,1
1391,born2travelit,1
1392,taking,1
1393,mlb,1
1394,pollution,1
1395,laugh,1
1396,color,1
1397,issue,1
1398,co/bf2pjkgq53,1
1399,peter,1
1400,world,1
1401,looked,1
1402,vincenzo,1
1403,friends,1
1404,lighter,1
1405,fun],1
1406,aiming,1
1407,proudly,1
1408,where,1
1409,furiousfiction,1
1410,@duderd_x:,1
1411,every_min_it,1
1412,@starpopfever,1
1413,album,1
1414,shift,1
1415,students,1
1416,cheap,1
1417,milb,1
1418,rhodes,1
1419,engaging,1
1420,laggy,1
1421,original,1
1422,biggest,1
1423,environmental,1
1424,post,1
1425,netflix,1
1426,@morjoysol2615,1
1427,foods,1
1428,reach,1
1429,ready,1
1430,found,1
1431,@amyklobuch,1
1432,ko-fi,1
1433,date,1
1434,stuff,1
1435,honestly,1
1436,co/gjlnwdfjpc,1
1437,netflixandchill,1
1438,foam,1
1439,@sengillbrand,1
1440,citizenship,1
1441,coupon,1
1442,co/fmaxu7q12d,1
1443,connections,1
1444,attaching,1
1445,times,1
1446,ad,1
1447,5pm,1
1448,endangered,1
1449,planet,1
1450,700,1
1451,draft,1
1452,calories,1
1453,earth_beatiful,1
1454,share,1
1455,responsabilities,1
1456,below,1
1457,exciting,1
1458,stops,1
1459,dark,1
1460,@ewarren,1
1461,@ananavarro:,1
1462,proper,1
1463,safran,1
1464,phoenix,1
1465,isn't,1
1466,though,1
1467,@ponysmasher,1
1468,co,1
1469,lovee,1
1470,competition,1
1471,gonna,1
1472,y,1
1473,co/6i0bzjjwml,1
1474,enter,1
1475,@kamuicosplay:,1
1476,species,1
1477,@diversity_tweet,1
1478,there's,1
1479,lie,1
1480,lightenuptw,1
1481,sea,1
1482,beloved,1
1483,pokemon,1
1484,[,1
1485,@thechrisdo:,1
1486,recently,1
1487,auctions,1
1488,2djsjjsfjjwhfsdgds,1
1489,exercise,1
1490,omfg,1
1491,co/eewtonfwvo,1
1492,@myfaytoday,1
1493,move,1
1494,damn,1
1495,evening's,1
1496,myself,1
1497,@icklenell,1
1498,@bdlabaj:,1
1499,@n,1
1500,heaven,1
1501,run,1
1502,retweet,1
1503,online,1
1504,ca,1
1505,@berbalee:,1
1506,marra,1
1507,grade,1
1508,contac,1
1509,preview,1
1510,co/ycdf8c33gm,1
1511,50,1
1512,@tehfawpy,1
1513,kakapo,1
1514,codes,1
1515,mall,1
1516,dura,1
1517,fairly,1
1518,co/gcrah5s6vm,1
1519,@al_i_exandra:,1
1520,challenged,1
1521,dolly,1
1522,grid,1
1523,plus,1
1524,tip,1
1525,@faync_chamber,1
1526,same,1
1527,co/cjhfrbk9i0,1
1528,exhausting,1
1529,negativity,1
1530,sport,1
1531,party,1
1532,intersection,1
1533,street,1
1534,characteristics,1
1535,work-in-progress,1
1536,co/laxunxansc,1
1537,co/pimt08w9,1
1538,walking,1
1539,track,1
1540,prehistoric,1
1541,account,1
1542,&gt,1
1543,triathlon,1
1544,co/poiegqaarc,1
1545,southafrica,1
1546,taylor,1
1547,joining,1
1548,didnt,1
1549,loads,1
1550,able,1
1551,holiday,1
1552,mug,1
1553,goals,1
1554,forward,1
1555,kitschy,1
1556,addicted,1
1557,trampolining,1
1558,@ashleybanjo,1
1559,ver,1
1560,enjoys,1
1561,que,1
1562,duo's,1
1563,freshfriday2k19,1
1564,including,1
1565,css,1
1566,super,1
1567,@hanbinscockring,1
1568,app,1
1569,oxventure,1
1570,memory,1
1571,couple,1
1572,earth,1
1573,co/bzi7hdq83z,1
1574,plastic,1
1575,careful,1
1576,supporting,1
1577,fast,1
1578,once,1
1579,which,1
1580,watch,1
1581,pan'',1
1582,tournament,1
1583,pretty,1
1584,drops,1
1585,pizza,1
1586,co/ae4enfg5yx,1
1587,@kasopeowoaje:,1
1588,bunny,1
1589,based,1
1590,blackout,1
1591,forest,1
1592,signed,1
1593,kind,1
1594,sassy,1
1595,side,1
1596,park,1
1597,hated,1
1598,gallery,1
1599,youve,1
1600,daughters,1
1601,@lightenuptw,1
1602,dinner,1
1603,gets,1
1604,bost,1
1605,@honeybbangtan,1
1606,beauty,1
1607,enjoy,1
1608,kindly,1
1609,(like,1
1610,armor,1
1611,math,1
1612,@omz_music,1
1613,johannesburg,1
1614,losing,1
1615,cr,1
1616,panel,1
1617,newkidd,1
1618,brightness,1
1619,@jae_day6:,1
1620,prom,1
1621,suggestions,1
1622,cracker,1
1623,project,1
1624,poking,1
1625,intense,1
1626,0,1
1627,[yesterday,1
1628,@benwallfisch:,1
1629,co/rr5sfcphmx,1
1630,coming,1
1631,local,1
1632,@realdonaldtrump,1
1633,@linnzzz____:,1
1634,thought,1
1635,@sunnyvalees,1
1636,food,1
1637,rub,1
1638,glowy,1
1639,@tannerfox,1
1640,@cityoffaync,1
1641,win,1
1642,shazam,1
1643,restaurant,1
1644,''fun,1
1645,sister,1
1646,amazing,1
1647,recycling,1
1648,meant,1
1649,@kfield82,1
1650,xd,1
1651,floor,1
1652,fix,1
1653,developers,1
1654,zealand's,1
1655,literature,1
1656,@olimonarrez:,1
1657,co/ufdyhcpb0u,1
1658,2nd,1
1659,@lukewestaway:,1
1660,stick,1
1661,editing,1
1662,co/upe8hpkynm,1
1663,quiet,1
1664,buildup,1
1665,cara,1
1666,burnt,1
1667,mortals,1
1668,achieve,1
1669,niece,1
1670,contact,1
1671,90,1
1672,addicting,1
1673,@joebiden,1
1674,04,1
1675,encore,1
1676,gamer,1
1677,college,1
1678,magical,1
1679,co/zvfkbkau6n,1
1680,co/78rnxce85g,1
1681,seams,1
1682,discoverctwc,1
1683,weekend,1
